xml_filename,dsbc_title,author,author_id,tōh.,CBETA number,Remarks Chinese translation,url,archive.org,reconstructed (y/n),best_text,duplicate_of_standard
book_85.xml,Advayasiddhi,,,,,,https://www.dsbcproject.org/canon-text/book/85,,,,
book_82.xml,Advayavajrasaṇgraha,,,,,,https://www.dsbcproject.org/canon-text/book/82,,,,
book_79.xml,Nānāsiddhopadeśa,,,,,,https://www.dsbcproject.org/canon-text/book/79,,,,
book_809.xml,Ḍākārṇava,,,,,,https://www.dsbcproject.org/canon-text/book/809,https://archive.org/search.php?query=%E1%B8%8C%C4%81k%C4%81r%E1%B9%87ava,,,
book_797.xml,Buddhakapālatantra,,,,,,https://www.dsbcproject.org/canon-text/book/797,,,,
book_770.xml,Svapnādhyāya,,,,,,https://www.dsbcproject.org/canon-text/book/770,,,,
book_762.xml,Caṇḍamahāroṣaṇa tantra,,,,,,https://www.dsbcproject.org/canon-text/book/762,,,,
book_728.xml,Kalpoktamārīcīsādhana,,,,,,https://www.dsbcproject.org/canon-text/book/728,,,,
book_273.xml,Nṛtyaprasūti,,,,,,https://www.dsbcproject.org/canon-text/book/273,,,,
book_272.xml,Nālandādahana,,,,,,https://www.dsbcproject.org/canon-text/book/272,,,,
book_271.xml,Nāgānanda,Harṣadeva,P7374,,,,https://www.dsbcproject.org/canon-text/book/271,https://archive.org/details/NaganandaHarshaDevaJivanandVidyasagar/mode/2up,,,
book_270.xml,Buddhamata,,,,,,https://www.dsbcproject.org/canon-text/book/270,,,,
book_232.xml,Mahāvyutpatti,,,,T54n2131?,"??? The title is seems to be Fānyì míngyì dàjí 翻譯名義大集. Michael: My memory is that T2131 is a MVy-like text, but not the same thing. Sorry to say I cannot remember where I got this idea.",https://www.dsbcproject.org/canon-text/book/232,https://archive.org/search.php?query=Mah%C4%81vyutpatti,,,
book_229.xml,Bauddhatantrakośa (I),,,,,Not found.,https://www.dsbcproject.org/canon-text/book/229,,,,
book_815.xml,Viśvaprakāśa,,,,,Not found.,https://www.dsbcproject.org/canon-text/book/815,https://archive.org/details/in.ernet.dli.2015.553678/mode/2up,,,
book_807.xml,Śabdabhedaprakāśa,Maheśvara,P0AT0264,,,Not found.,https://www.dsbcproject.org/canon-text/book/807,https://archive.org/search.php?query=%C5%9Aabdabhedaprak%C4%81%C5%9Ba,,,
book_832.xml,Vajrayānadarśanamīmāṃsā,,,,,Not found.,https://www.dsbcproject.org/canon-text/book/832,,,,
book_788.xml,Svastyayanagāthā,,,"D818, D1102, D4401",,Not found.,https://www.dsbcproject.org/canon-text/book/788,,,,
book_747.xml,Śvānastavakāvya,,,,,Not found.,https://www.dsbcproject.org/canon-text/book/747,,,,
book_323.xml,Tarkabhāṣāṭīkā,Śrīmokṣākaragupta,P0AT0343,,,Not found.,https://www.dsbcproject.org/canon-text/book/323,,,,
book_274.xml,Nītiśāstra,,,D4335,,Not found.,https://www.dsbcproject.org/canon-text/book/274,https://archive.org/search.php?query=N%C4%ABti%C5%9B%C4%81stra,,,
book_316.xml,Pratimālakṣaṇavivaraṇa,,,D4315,,Not found.,https://www.dsbcproject.org/canon-text/book/316,,,,
book_312.xml,Ātreyatilaka,,,D4316,,Not found.,https://www.dsbcproject.org/canon-text/book/312,,,,
book_224.xml,Saundarananda,,,,,Not found.,https://www.dsbcproject.org/canon-text/book/224,https://archive.org/search.php?query=Saundarananda,,,
book_874.xml,Paścāttāpa,,,,,Not found.,https://www.dsbcproject.org/canon-text/book/874,,,,
book_848.xml,Saṅgītamālikā,,,,,Not found.,https://www.dsbcproject.org/canon-text/book/848,https://archive.org/details/TxtSktSangItamAlikAOfMahammadShah19480119/mode/2up,,,
book_811.xml,Triratnasaundaryagāthā,,,,,Not found.,https://www.dsbcproject.org/canon-text/book/811,,,,
book_108.xml,Chandoratnākara (svopajñasamanvita),Ratnākaraśānti,P00EGS1016642,"D4304, D4303, D4459",,Not found.,https://www.dsbcproject.org/canon-text/book/108,https://archive.org/details/ratnakarasantischandoratnakaramichaelhahn_212_o,,,
book_830.xml,Vṛttamālāstuti,Jñānaśrīmitra,P4CZ16872,D4305a,,Not found.,https://www.dsbcproject.org/canon-text/book/830,,,,
book_77.xml,Nyāyapraveśakasūtra,,,D4208,,T1630,https://www.dsbcproject.org/canon-text/book/77,,,,
book_864.xml,Viśālāmalavatī Pramāṇasamuccayaṭīkā,Jinendrabuddhi,,D4268,,Not found.,https://www.dsbcproject.org/canon-text/book/864,,,,
book_731.xml,Anupalabdhirahasya,Jñānaśrīmitra,P4CZ16872,,,Not found.,https://www.dsbcproject.org/canon-text/book/731,,,,
book_719.xml,Bauddha manīṣā Bauddheṣu Pramāṇamīmāṃsā,,,,,Not found.,https://www.dsbcproject.org/canon-text/book/719,,,,
book_296.xml,Nyāyabinduṭīkāṭippaṇī,,,,,Not found.,https://www.dsbcproject.org/canon-text/book/296,https://archive.org/details/nyayabindutikati00dhar/mode/2up,,,
book_291.xml,Jātinirākṛti,,,,,Not found.,https://www.dsbcproject.org/canon-text/book/291,,,,
book_282.xml,Vādanyāyaṭīkā,Vinītadeva,P9951,"D4239, D4240",,Not found.,https://www.dsbcproject.org/canon-text/book/282,,,,
book_879.xml,Vimalaratnalekha,,,"D4566, D4188",,Not found.,https://www.dsbcproject.org/canon-text/book/879,,,,
book_774.xml,Daṇḍikathā,,,,,Not found.,https://www.dsbcproject.org/canon-text/book/774,,,,
book_103.xml,Subodhālaṅkāra,,,,,Not found.,https://www.dsbcproject.org/canon-text/book/103,https://archive.org/details/subodh-pts-ed.-jaini-book-1/page/n7/mode/2up,,,
book_97.xml,Abhidharmāmṛta,Ghoṣaka,P0AT0261,,T28n1553,,https://www.dsbcproject.org/canon-text/book/97,https://archive.org/details/in.ernet.dli.2015.326757/mode/2up,,,
book_867.xml,Mahāyānasaṃgraha,Asaṅga,P6117,D4048,"T31n1592, T31n1593, T31n1594",n2994u is reconstructed from Chn or TIb - not reliable!,https://www.dsbcproject.org/canon-text/book/867,https://archive.org/search.php?query=Mah%C4%81y%C4%81nasa%E1%B9%83graha,,,
book_341.xml,Yogācārabhūmi,Asaṅga,P6117,D4035,T30n1579,,https://www.dsbcproject.org/canon-text/book/341,https://archive.org/search.php?query=Yog%C4%81c%C4%81rabh%C5%ABmi,,,
book_329.xml,Cittatatvasaṅgraha,,,,,Not found.,https://www.dsbcproject.org/canon-text/book/329,,,,
book_324.xml,Bāhyarthasiddhikārikā,Śubhagupta,,D4244,,Not found.,https://www.dsbcproject.org/canon-text/book/324,,,,
book_262.xml,Bodhyāpattideśanāvṛtti,Nāgārjuna,P4954,D4005,,Not found.,https://www.dsbcproject.org/canon-text/book/262,,,,
book_156.xml,Paramārthastava,Nāgārjuna,P4954,D1122,,Not found.,https://www.dsbcproject.org/canon-text/book/156,,,,
book_155.xml,Niraupamyastava,Nāgārjuna,P4954,D1119,,Not found.,https://www.dsbcproject.org/canon-text/book/155,,,,
book_154.xml,Madhyamakaśāstrastuti,,,,,Not found.,https://www.dsbcproject.org/canon-text/book/154,,,,
book_852.xml,Madhyamakāvatārakārikā,Candrakīrti,P5782,,,Not found.,https://www.dsbcproject.org/canon-text/book/852,,,,
book_721.xml,Svabhāvavāda,,,,,Not found.,https://www.dsbcproject.org/canon-text/book/721,,,,
book_244.xml,Madhyamārthasaṃgraha,,,D3857,,Not found.,https://www.dsbcproject.org/canon-text/book/244,,,,
book_240.xml,Madhyamakahṛdaya,Bhāvaviveka,,D3855,,Not found.,https://www.dsbcproject.org/canon-text/book/240,,,,
book_239.xml,Hastavālaprakaraṇavṛtti,,,,T1620,Michael: but cf. T1620 (could extract at least a partial parallel from Skt? or is Hastavālaprakaraṇa per se listed elsewhere in your table?).,https://www.dsbcproject.org/canon-text/book/239,,,n,gretil_sa/sa_hastavAlaprakaraNavRtti.xml
book_172.xml,Ṣaṭpāramitāstotra,,,D0675,,Not found.,https://www.dsbcproject.org/canon-text/book/172,,,,
book_171.xml,Prajñāpāramitāstuti,,,,,Not found.,https://www.dsbcproject.org/canon-text/book/171,,,,
book_276.xml,Abhisamayālaṇkāraloka,Haribhadra,P7297,D3791,,Not found.,https://www.dsbcproject.org/canon-text/book/276,,,,
book_106.xml,Sekoddeśapañjikā,,,D1354,,Not found.,https://www.dsbcproject.org/canon-text/book/106,,,,
book_104.xml,Ḍākinījālasaṃvararahasya,,,,,Not found.,https://www.dsbcproject.org/canon-text/book/104,,,,
book_81.xml,Cakrasaṃvaratantram (vol. 2),,,,,Not found.,https://www.dsbcproject.org/canon-text/book/81,,,,
book_80.xml,Cakrasaṃvaratantram (vol. 1),,,,,Not found.,https://www.dsbcproject.org/canon-text/book/80,,,,
book_881.xml,Laghukaumudīvyākaraṇa,,,,,Not found.,https://www.dsbcproject.org/canon-text/book/881,,,,
book_876.xml,Boudhatantroktasiddhauṣadhisaṅgraha,,,,,Not found.,https://www.dsbcproject.org/canon-text/book/876,,,,
book_866.xml,Laghutantraṭīkā,Vajrapāṇi,,D1402,,Not found.,https://www.dsbcproject.org/canon-text/book/866,,,,
book_860.xml,Jñānasiddhi,,,D2219,,Not found.,https://www.dsbcproject.org/canon-text/book/860,,,,
book_856.xml,Caryāsaṃgraha,,,,,Not found.,https://www.dsbcproject.org/canon-text/book/856,,,,
book_854.xml,Mañjuvajramukhyākhyāna,,,,,Not found.,https://www.dsbcproject.org/canon-text/book/854,,,,
book_846.xml,Munimatālaṁkāra,,,,,Not found.,https://www.dsbcproject.org/canon-text/book/846,,,,
book_838.xml,Kālacakrāvatāra,,,,,Not found.,https://www.dsbcproject.org/canon-text/book/838,,,,
book_836.xml,Āryamāyājālamahātantroddhṛtamaṇḍalagāthāṭippaṇī,,,,,Not found.,https://www.dsbcproject.org/canon-text/book/836,,,,
book_834.xml,Tattvajñānasaṃsiddhi-mahāsukharakāśikā-ṭīkā,,,,,Not found.,https://www.dsbcproject.org/canon-text/book/834,,,n,gretil_sa/sa_zUnyasamAdhipAda-tattvajJAnasaMsiddhi.xml
book_828.xml,Kriyāsaṁgrahapañjikā,,,,,Not found.,https://www.dsbcproject.org/canon-text/book/828,,,,
book_823.xml,Bauddhadharme tathā purāṇeṣu karuṇā,,,,,Not found.,https://www.dsbcproject.org/canon-text/book/823,,,,
book_817.xml,Paribhāṣāvṛtte,,,,,Not found.,https://www.dsbcproject.org/canon-text/book/817,,,,
book_805.xml,Abhayapaddhati,Abhayākaragupta,P4004,D1654,,Not found.,https://www.dsbcproject.org/canon-text/book/805,https://archive.org/details/bdrc-W3CN22959/mode/2up,,,
book_803.xml,Adhyātmasāraśataka (saṭīka),,,,,Not found.,https://www.dsbcproject.org/canon-text/book/803,,,,
book_790.xml,Tattvaratnāvalī,,,,,Not found.,https://www.dsbcproject.org/canon-text/book/790,,,,
book_786.xml,Śrīsahajasiddhi,,,,,Not found.,https://www.dsbcproject.org/canon-text/book/786,,,,
book_784.xml,Prajñopāyaviniścayasiddhi,,,,,Not found.,https://www.dsbcproject.org/canon-text/book/784,,,,
book_782.xml,Ādikarmapradīpa,,,,,Not found.,https://www.dsbcproject.org/canon-text/book/782,https://archive.org/details/bouddhismetudes00goog/mode/2up,,,
book_780.xml,Balimālikā,,,,,Not found.,https://www.dsbcproject.org/canon-text/book/780,,,,
book_778.xml,Mantroddhāra,,,,,Not found.,https://www.dsbcproject.org/canon-text/book/778,,,,
book_758.xml,Samājasādhanavyavastholi,,,,,Not found.,https://www.dsbcproject.org/canon-text/book/758,,,,
book_756.xml,Samantabhadranāmasādhanaṭīkā,,,,,Not found.,https://www.dsbcproject.org/canon-text/book/756,,,,
book_749.xml,Bauddhapāribhāṣikā śabdā,,,,,Not found.,https://www.dsbcproject.org/canon-text/book/749,,,,
book_745.xml,Vāṅmaṇḍalanamaskāraślokā,,,,,Not found.,https://www.dsbcproject.org/canon-text/book/745,,,,
book_359.xml,Tattvasiddhi,,,,T32n1646,,https://www.dsbcproject.org/canon-text/book/359,,,,
book_357.xml,Śrīguhyasamājamaṇḍalavidhi,,,,,Not found.,https://www.dsbcproject.org/canon-text/book/357,,,,
book_353.xml,Upodghāta,,,,,Not found.,https://www.dsbcproject.org/canon-text/book/353,,,,
book_351.xml,Śrīvajravārāhisādhana,,,,,Not found.,https://www.dsbcproject.org/canon-text/book/351,,,,
book_350.xml,Sarahapādasya Dohākoṣa,,,,,Not found.,https://www.dsbcproject.org/canon-text/book/350,,,,
book_348.xml,Marmakālikā,,,,,Not found.,https://www.dsbcproject.org/canon-text/book/348,,,,
book_347.xml,Mahāmāyātantram (Guṇavatīṭīkāsahitam),,,,,Not found.,https://www.dsbcproject.org/canon-text/book/347,,,,
book_346.xml,Mahāmāyāsādhanopāyikā,,,,,Not found.,https://www.dsbcproject.org/canon-text/book/346,,,,
book_344.xml,Kāṇhapādasya Dohākoṣa,,,,,Not found.,https://www.dsbcproject.org/canon-text/book/344,,,,
book_343.xml,Guhyāvalī,,,,,Not found.,https://www.dsbcproject.org/canon-text/book/343,,,,
book_342.xml,Guhyavajravilāsinīsādhana,,,,,Not found.,https://www.dsbcproject.org/canon-text/book/342,,,,
book_219.xml,Vasudhārāstotra,,,,,Not found.,https://www.dsbcproject.org/canon-text/book/219,,,,
book_218.xml,Vasudhārānāmadhāraṇīstotra,,,,,Not found.,https://www.dsbcproject.org/canon-text/book/218,,,,
book_217.xml,Vajrayoginīstutipraṇidhāna,,,,,Not found.,https://www.dsbcproject.org/canon-text/book/217,,,,
book_216.xml,Vajrayoginīpiṇḍārthastuti,,,,,Not found.,https://www.dsbcproject.org/canon-text/book/216,,,,
book_215.xml,Vajrayoginīpraṇāmaikaviśikā,,,,,Not found.,https://www.dsbcproject.org/canon-text/book/215,,,,
book_214.xml,Vajravilāsinīstotra,,,,,Not found.,https://www.dsbcproject.org/canon-text/book/214,,,,
book_213.xml,Vajravilāsinīsādhanāstava,,,,,Not found.,https://www.dsbcproject.org/canon-text/book/213,,,,
book_212.xml,Vajradevīstotra,,,,,Not found.,https://www.dsbcproject.org/canon-text/book/212,,,,
book_211.xml,Kalyāṇatriṃśatikāstotra,,,,,Not found.,https://www.dsbcproject.org/canon-text/book/211,,,,
book_210.xml,Vajrasattvastuti,,,,,Not found.,https://www.dsbcproject.org/canon-text/book/210,,,,
book_209.xml,Vajrasattvastotra,,,,,Not found.,https://www.dsbcproject.org/canon-text/book/209,,,,
book_208.xml,Māravijayastotra,,,,,Not found.,https://www.dsbcproject.org/canon-text/book/208,,,,
book_207.xml,Mahābodhivandanāṣṭaka,,,,,Not found.,https://www.dsbcproject.org/canon-text/book/207,,,,
book_206.xml,Mahābodhibhaṭṭārakastotra,,,,,Not found.,https://www.dsbcproject.org/canon-text/book/206,,,,
book_205.xml,Vajrapāṇināmāṣṭottaraśatastotra,,,,,Not found.,https://www.dsbcproject.org/canon-text/book/205,,,,
book_204.xml,Vāgīśvaravarṇanāstotra,,,,,Not found.,https://www.dsbcproject.org/canon-text/book/204,,,,
book_203.xml,Dharmadhātuvāgīśvaramaṇḍalastotra,,,,,Not found.,https://www.dsbcproject.org/canon-text/book/203,,,,
book_202.xml,Mahogratārāstuti,,,,,Not found.,https://www.dsbcproject.org/canon-text/book/202,,,,
book_201.xml,Mahogratārāṣṭakastotra,,,,,Not found.,https://www.dsbcproject.org/canon-text/book/201,,,,
book_200.xml,Caṇḍikādaṇḍakastotra,,,,,Not found.,https://www.dsbcproject.org/canon-text/book/200,,,,
book_199.xml,Gururatnatrayastotra,,,,,Not found.,https://www.dsbcproject.org/canon-text/book/199,,,,
book_198.xml,Svayambhūstotra,,,,,Not found.,https://www.dsbcproject.org/canon-text/book/198,,,,
book_197.xml,Svayaṃbhūstava,,,,,Not found.,https://www.dsbcproject.org/canon-text/book/197,,,,
book_196.xml,Mañjuvajrastotra,,,,,Not found.,https://www.dsbcproject.org/canon-text/book/196,,,,
book_195.xml,Maṅgalaṣoḍaśastuti,,,,,Not found.,https://www.dsbcproject.org/canon-text/book/195,,,,
book_194.xml,Kalyāṇapañcaviṃśatistotra,,,,,Not found.,https://www.dsbcproject.org/canon-text/book/194,,,,
book_193.xml,Ṣaḍabhijñastotra,,,,,Not found.,https://www.dsbcproject.org/canon-text/book/193,,,,
book_192.xml,Kamalākarasarvatathāgatastotra,,,,,Not found.,https://www.dsbcproject.org/canon-text/book/192,,,,
book_190.xml,Saptajinastava,,,,,Not found.,https://www.dsbcproject.org/canon-text/book/190,,,,
book_189.xml,Saptabuddhastotra,,,,T32n1682,,https://www.dsbcproject.org/canon-text/book/189,,,,
book_188.xml,Suprabhātastotra,,,,,Not found.,https://www.dsbcproject.org/canon-text/book/188,,,,
book_187.xml,Sattvārādhanagāthā,,,,,Not found.,https://www.dsbcproject.org/canon-text/book/187,,,,
book_186.xml,Śākyasiṃhastotra (Yaśodharākṛta),,,,,Not found.,https://www.dsbcproject.org/canon-text/book/186,,,,
book_185.xml,Śākyasiṃhastotra (Viṣṇukṛta),,,,,Not found.,https://www.dsbcproject.org/canon-text/book/185,,,,
book_184.xml,Śākyasiṃhastotra (Surapatikṛta),,,,,Not found.,https://www.dsbcproject.org/canon-text/book/184,,,,
book_183.xml,Śākyasiṃhastotra (Śaṅkarakṛta),,,,,Not found.,https://www.dsbcproject.org/canon-text/book/183,,,,
book_182.xml,Śākyasiṃhastotra (Navagrahakṛta),,,,,Not found.,https://www.dsbcproject.org/canon-text/book/182,,,,
book_180.xml,Śākyasiṃhastotra (Chandomṛtoddhṛtam),,,,,Not found.,https://www.dsbcproject.org/canon-text/book/180,,,,
book_179.xml,Śākyasiṃhastotra (Brahmaṇā Kṛtam),,,,,Not found.,https://www.dsbcproject.org/canon-text/book/179,,,,
book_178.xml,Nāmāṣṭaśatakaya,,,,,Not found.,https://www.dsbcproject.org/canon-text/book/178,,,,
book_177.xml,Buddhastotra,,,,,Not found.,https://www.dsbcproject.org/canon-text/book/177,,,,
book_176.xml,Buddhagadyaya,,,,,Not found.,https://www.dsbcproject.org/canon-text/book/176,,,,
book_175.xml,Buddhabhaṭṭārakastotra,,,,,Not found.,https://www.dsbcproject.org/canon-text/book/175,,,,
book_174.xml,Bhaktiśataka,,,,,Not found.,https://www.dsbcproject.org/canon-text/book/174,,,,
book_169.xml,Pratisarāstotra,,,,,Not found.,https://www.dsbcproject.org/canon-text/book/169,,,,
book_168.xml,Pañcarakṣādevīstotrāṇi,,,,,Not found.,https://www.dsbcproject.org/canon-text/book/168,,,,
book_166.xml,Sragdharāpañcakastotra,,,,,Not found.,https://www.dsbcproject.org/canon-text/book/166,,,,
book_165.xml,Pañcatathāgatastutigāthā,,,,,Not found.,https://www.dsbcproject.org/canon-text/book/165,,,,
book_164.xml,Pañcatathāgatastotra,,,,,Not found.,https://www.dsbcproject.org/canon-text/book/164,,,,
book_163.xml,Nairātmāṣṭakastotra,,,,,Not found.,https://www.dsbcproject.org/canon-text/book/163,,,,
book_162.xml,Guhyeśvarīstotra,,,,,Not found.,https://www.dsbcproject.org/canon-text/book/162,,,,
book_161.xml,Mañjuśrīstotra,,,,,Not found.,https://www.dsbcproject.org/canon-text/book/161,,,,
book_160.xml,Mañjuśrīnāmāṣṭottaraśatakastotra,,,,,Not found.,https://www.dsbcproject.org/canon-text/book/160,,,,
book_159.xml,Vajramahākālastotra,,,,,Not found.,https://www.dsbcproject.org/canon-text/book/159,,,,
book_158.xml,Mahākālastotra,,,,,Not found.,https://www.dsbcproject.org/canon-text/book/158,,,,
book_157.xml,Mahācakravartināmāṣṭottaraśatastotra,,,,,Not found.,https://www.dsbcproject.org/canon-text/book/157,,,,
book_152.xml,Hāratīstotra,,,,,Not found.,https://www.dsbcproject.org/canon-text/book/152,,,,
book_151.xml,Gaṇeśastotra,,,,,Not found.,https://www.dsbcproject.org/canon-text/book/151,,,,
book_150.xml,Gaṇḍīstava,,,,,Not found.,https://www.dsbcproject.org/canon-text/book/150,,,,
book_149.xml,Buddhagaṇḍīstava,,,,,Not found.,https://www.dsbcproject.org/canon-text/book/149,,,,
book_148.xml,Pañcākṣarastotra,,,,,Not found.,https://www.dsbcproject.org/canon-text/book/148,,,,
book_147.xml,Dharmadhātunāmastava,,,,,Not found.,https://www.dsbcproject.org/canon-text/book/147,,,,
book_146.xml,Vasantatilakāstuti,,,,,Not found.,https://www.dsbcproject.org/canon-text/book/146,,,,
book_145.xml,Ṣaṭtriṃśatsaṃvarastuti,,,,,Not found.,https://www.dsbcproject.org/canon-text/book/145,,,,
book_144.xml,Pīṭhastava,,,,,Not found.,https://www.dsbcproject.org/canon-text/book/144,,,,
book_143.xml,Catuḥṣaṣṭisaṃvarastotra,,,,,Not found.,https://www.dsbcproject.org/canon-text/book/143,,,,
book_142.xml,Cakrasaṃvarastuti,,,,,Not found.,https://www.dsbcproject.org/canon-text/book/142,,,,
book_141.xml,Vidyākṣarastotra,,,,,Not found.,https://www.dsbcproject.org/canon-text/book/141,,,,
book_140.xml,Caityavandanāstotra,,,,,Not found.,https://www.dsbcproject.org/canon-text/book/140,,,,
book_139.xml,Daśabhūmīśvaranāmamahāyānasūtraratnarājastotra,,,,,Not found.,https://www.dsbcproject.org/canon-text/book/139,,,,
book_138.xml,Vāgvāṇīstotra,,,,,Not found.,https://www.dsbcproject.org/canon-text/book/138,,,,
book_137.xml,Śāradāṣṭakastotra,,,,,Not found.,https://www.dsbcproject.org/canon-text/book/137,,,,
book_136.xml,Saptavidhānuttarastotra,,,,,Not found.,https://www.dsbcproject.org/canon-text/book/136,,,,
book_135.xml,Saptākṣarastotra,,,,,Not found.,https://www.dsbcproject.org/canon-text/book/135,,,,
book_134.xml,Ṣaḍgatistotra,,,,,Not found.,https://www.dsbcproject.org/canon-text/book/134,,,,
book_133.xml,Rūpastava,,,,,Not found.,https://www.dsbcproject.org/canon-text/book/133,,,,
book_132.xml,Ratnamālāstotra,,,,,Not found.,https://www.dsbcproject.org/canon-text/book/132,,,,
book_131.xml,Rakṣākālastava,,,,,Not found.,https://www.dsbcproject.org/canon-text/book/131,,,,
book_130.xml,Potalakāṣṭaka,,,,,Not found.,https://www.dsbcproject.org/canon-text/book/130,,,,
book_129.xml,Narakoddhārastotra,,,,,Not found.,https://www.dsbcproject.org/canon-text/book/129,,,,
book_128.xml,Lokeśvarastotra,,,,,Not found.,https://www.dsbcproject.org/canon-text/book/128,,,,
book_127.xml,Lokeśvaraśataka,,,,,Not found.,https://www.dsbcproject.org/canon-text/book/127,,,,
book_126.xml,Lokanāthastotra,,,,,Not found.,https://www.dsbcproject.org/canon-text/book/126,,,,
book_125.xml,Avalokiteśvarāṣṭottaraśatanāmastotra,,,,,Not found.,https://www.dsbcproject.org/canon-text/book/125,,,,
book_124.xml,Avalokiteśvarastotra (Carapatipādaviracita),Carapatipāda,P0AT0263,,,Not found.,https://www.dsbcproject.org/canon-text/book/124,,,,
book_123.xml,Avalokiteśvarastotra,,,,,Not found.,https://www.dsbcproject.org/canon-text/book/123,,,,
book_122.xml,Avalokiteśvarastava (Candrakāntābhikṣuṇīkṛta),Candrakāntābhikṣuṇī,P0AT0262,,,Not found.,https://www.dsbcproject.org/canon-text/book/122,,,,
book_121.xml,Avalokiteśvarāṣṭakastotra,,,,,Not found.,https://www.dsbcproject.org/canon-text/book/121,,,,
book_120.xml,Avalokiteśvarahayagrīvadhāraṇī,,,,,"Not found. One reference, i.e., T18n0901, seems to be referring to the Dhāraṇīsamuccaya(sūtra) and not the current text.",https://www.dsbcproject.org/canon-text/book/120,,,,
book_119.xml,Avadhānastotra (Vandanāstava),,,,,Not found.,https://www.dsbcproject.org/canon-text/book/119,,,,
book_118.xml,Aṣṭamātṛkāstotra,,,,,Not found.,https://www.dsbcproject.org/canon-text/book/118,,,,
book_117.xml,Maṅgalāṣṭaka,,,,T14n0429,,https://www.dsbcproject.org/canon-text/book/117,,,,
book_116.xml,Āryatārāstuti,,,,,Not found.,https://www.dsbcproject.org/canon-text/book/116,,,,
book_113.xml,Āryatārānamaskāraikaviṃśatistotra,,,,,Not found.,https://www.dsbcproject.org/canon-text/book/113,,,,
book_112.xml,Ākāśagarbhanāmāṣṭottaraśatastotra,,,,,Not found.,https://www.dsbcproject.org/canon-text/book/112,,,,
book_111.xml,Vikramāraccivaibhava,,,,,Not found.,https://www.dsbcproject.org/canon-text/book/111,,,,
book_109.xml,Ādibuddhadvādaśakastotra,,,,,Not found.,https://www.dsbcproject.org/canon-text/book/109,,,,
book_842.xml,Bhadracaryādeśanā,,,,,Not found.,https://www.dsbcproject.org/canon-text/book/842,,,,
book_796.xml,Dharmadhātustava,,,,T32n1675,,https://www.dsbcproject.org/canon-text/book/796,,,,
book_760.xml,Dvādaśakāranayastotra,,,,,Not found.,https://www.dsbcproject.org/canon-text/book/760,,,,
book_49.xml,Mahāvadānasūtra,,,,T01n0002,"I couldn't find the 大本經 in the Taishō. Michael: T2, Mahāvadāna: also T3? Note lists of parallels in HBGR: T1(1), T2, 4, T125(48.4).",https://www.dsbcproject.org/canon-text/book/49,,,,
book_883.xml,Mahāvastvavadāna (Vol 1),,,,,"Not found. That is, I found the only reference I came across to the Ekottarikāgama (C. 增壹阿含經, T02n0125) not convincing.",https://www.dsbcproject.org/canon-text/book/883,https://archive.org/details/in.ernet.dli.2015.408378/mode/2up,,,
book_818.xml,Vajrasattvaniṣpādanasūtra,Candrakīrti,P5782,,,Not found.,https://www.dsbcproject.org/canon-text/book/818,,,,
book_38.xml,Catuṣpariṣatsūtra,,,,,"Not found. Howver, one could check ""Waldschmidt, Ernst 1957 (vol. 2): Das Catuṣpariṣatsūtra, eine kanonische Lehrschrift über die Begründung der buddhistischen Gemeinde, Text in Sanskrit und tibetisch, verglichen mit dem Pāli nebst einer Übersetzung der chinesischen Entsprechung im Vinaya der Mūlasarvâstivādins, auf Grund von Turfan-Handschriften herausgegeben und bearbeitet, Berlin: Akademie Verlag."" if one has access to it.",https://www.dsbcproject.org/canon-text/book/38,,,,
book_6.xml,Mahāsattvamaṇicūḍamahārājabodhisattvāvadāna,,,,,Not found.,https://www.dsbcproject.org/canon-text/book/6,,,,
book_5.xml,Kaṭhināvadāna,,,,,Not found.,https://www.dsbcproject.org/canon-text/book/5,,,,
book_862.xml,Āryaśrīgrahamātṛkādhāraṇī,,,,,Not found.,https://www.dsbcproject.org/canon-text/book/862,,,,
book_723.xml,Śrīguhyasamājatantra,,,D0442,,Not found.,https://www.dsbcproject.org/canon-text/book/723,,,,
book_820.xml,Dhāraṇīsaṃgraha,,,,,"Not found. That is, I find the reference to the Dhāraṇīsamuccaya(sūtra) (C. 陀羅尼集經, T18n0901) not entirely convincing.",https://www.dsbcproject.org/canon-text/book/820,,,,
book_794.xml,Amoghapāśakalparāja (Part VII),,,,T20n1092,,https://www.dsbcproject.org/canon-text/book/794,,,,
book_792.xml,Amoghapāśakalparāja (Part VI),,,,T20n1092,,https://www.dsbcproject.org/canon-text/book/792,,,,
book_36.xml,Bhaiṣajyaguruvaidūryaprabharājasūtra,,,D0504,"T14n0449, T14n0450, T14n0451",I'm not entirely certain whether T14n0449 corresponds to the current text.,https://www.dsbcproject.org/canon-text/book/36,,,n,gretil_sa/sa_bhaiSajyaguruvaidUryaprabharAjasUtra.xml
book_24.xml,Aparimitāyuḥmahāyānasūtra,,,,,Not found.,https://www.dsbcproject.org/canon-text/book/24,,,n,gretil_sa/sa_aparimitAyuHsUtra.xml
book_19.xml,Ṣaṇmukhīdhāraṇī,,,,T21n1360,,https://www.dsbcproject.org/canon-text/book/19,,,,
book_18.xml,Nārāyaṇaparipṛcchā Āryamahāmāyāvijayavāhinī Nāma Dhāraṇī,,,,,Not found.,https://www.dsbcproject.org/canon-text/book/18,,,,
book_63.xml,Āryābuddhabalādhānaprātihāryavikurvaṇanirdeśanāmamahāyānasūtra,,,,,Not found.,https://www.dsbcproject.org/canon-text/book/63,,,n,gretil_sa/sa_buddhabalAdhAnaprAtihAryavikurvANanirdezasUtra.xml
book_57.xml,Sarvatathāgatādhiṣṭhānavyūhasūtra,,,,,Not found.,https://www.dsbcproject.org/canon-text/book/57,,,n,gretil_sa/sa_sAgaranAgarAjaparipRcchAmahAyAnasUtra.xml
book_50.xml,Meghasūtra,,,,,Not found.,https://www.dsbcproject.org/canon-text/book/50,,,,
book_47.xml,Mahāmeghasūtra,,,,"T12n0387, T19n0989, T19n0991, T19n0992, T19n0993",,https://www.dsbcproject.org/canon-text/book/47,,,,
book_813.xml,Saddharmasmṛtyupasthānasūtra,,,D0287,,Not found.,https://www.dsbcproject.org/canon-text/book/813,,,,
book_33.xml,Āryatriratnānusmṛtisūtra,,,,,Not found.,https://www.dsbcproject.org/canon-text/book/33,,,,
book_31.xml,Āryasaṃghāṭasūtra,,,D0102,T13n0423,,https://www.dsbcproject.org/canon-text/book/31,,,n,gretil_sa/sa_saMghATasUtra.xml
book_30.xml,Āryasāgaranāgarājaparipṛcchā Nāma Mahāyānasūtra,,,D0155,,Not found.,https://www.dsbcproject.org/canon-text/book/30,,,n,gretil_sa/sa_sAgaranAgarAjaparipRcchAmahAyAnasUtra.xml
book_27.xml,Āryānityatāsūtra,,,,"T17n0758, T17n0801",,https://www.dsbcproject.org/canon-text/book/27,,,n,gretil_sa/sa_AryAnityatAsUtra.xml
book_25.xml,Arthaviniścayasūtra,,,D0317,,Not found.,https://www.dsbcproject.org/canon-text/book/25,,,n,gretil_sa/sa_arthavinizcayasUtra.xml
book_13.xml,Avikalpapraveśadhāraṇī,,,D0142,T15n0654,,https://www.dsbcproject.org/canon-text/book/13,,,,
book_754.xml,Pañcaśatikā Prajñāpāramitā,,,D0015,T08n0260,,https://www.dsbcproject.org/canon-text/book/754,,,,
book_88.xml,Bhikṣuṇīvinaya,,,,T22n1427,,https://www.dsbcproject.org/canon-text/book/88,,,n,gretil_sa/sa_bhikSuNIvinaya.xml
book_825.xml,Upasampadājñapti,,,,,Not found.,https://www.dsbcproject.org/canon-text/book/825,,,,
book_776.xml,Lokeśvarapārājikā,,,,,Not found.,https://www.dsbcproject.org/canon-text/book/776,,,,
book_772.xml,Maṃjuśrīpārājikā,,,,,Not found.,https://www.dsbcproject.org/canon-text/book/772,,,,
book_768.xml,Śrīlokeśvarabhāṣitaparājikā,,,,,Not found.,https://www.dsbcproject.org/canon-text/book/768,,,,
book_766.xml,Saddharmapārājikā,,,,,Not found.,https://www.dsbcproject.org/canon-text/book/766,,,,
book_764.xml,Vajrasatvapārājikā,,,,,Not found.,https://www.dsbcproject.org/canon-text/book/764,,,,
book_725.xml,Śayanāsanavastu,,,,,Not found.,https://www.dsbcproject.org/canon-text/book/725,,,,
book_170.xml,Prajñāpāramitāstotra,,,,,,https://www.dsbcproject.org/canon-text/book/170,,,,
book_305.xml,Tarkaśāstra,,,,,,https://www.dsbcproject.org/canon-text/book/305,,,n,gretil_sa/sa_tarkazAstra.xml
book_873.xml,Sarvabuddhaviṣayāvatārajñānālokālaṁkāra Nāma Mahāyānasūtra,,,,,,https://www.dsbcproject.org/canon-text/book/873,,,,
book_290.xml,Hetutattvopadeśa,,,,,,https://www.dsbcproject.org/canon-text/book/290,,,n,gretil_sa/sa_jitAri-hetutattvopadeza.xml
book_906.xml,Prahāṇapūrakaśatavandanā Nāma Mahāyānasūtra,,,,,,https://www.dsbcproject.org/canon-text/book/906,,,,
book_951.xml,Dveśavajrasādhana,,,,,,https://www.dsbcproject.org/canon-text/book/951,,,,
book_263.xml,Caryāsaṅgrahapradīpa,,,,,,https://www.dsbcproject.org/canon-text/book/263,,,n,gretil_sa/sa_dIpaMkara-caryAsaMgrahapradIpa.xml
book_173.xml,Adhyardhaśatakaṃ Nāma Stotra,,,,,,https://www.dsbcproject.org/canon-text/book/173,,,,
book_293.xml,Kṣaṇabhaṅgasiddhi Vyatirekātmikā,,,,,,https://www.dsbcproject.org/canon-text/book/293,,,n,gretil_sa/sa_ratnakIrti-kSaNabhaGgasiddhi-vyatirekAtmikA-alt.xml
book_345.xml,Mahāmāyāsādhana,,,,,,https://www.dsbcproject.org/canon-text/book/345,,,,
book_70.xml,Prajñāpāramitāhṛdayasūtra [Saṃkṣiptamātṛkā],,,,,,https://www.dsbcproject.org/canon-text/book/70,,,n,gretil_sa/sa_prajJApAramitAhRdayasUtrasaMkSiptamAtRkA.xml
book_16.xml,Hayagrīvavidyā,,,,,,https://www.dsbcproject.org/canon-text/book/16,,,n,gretil_sa/sa_hayagrIvavidyA.xml
book_902.xml,Upāsakasaṁvarāṣṭakavivaraṇa,,,,,,https://www.dsbcproject.org/canon-text/book/902,,,,
book_222.xml,Buddhacarita,,,,,,https://www.dsbcproject.org/canon-text/book/222,,,,
book_971.xml,Paramādyatantra,,,,,,https://www.dsbcproject.org/canon-text/book/971,,,,
book_46.xml,Madhyamakaśālistambasūtra,,,,,,https://www.dsbcproject.org/canon-text/book/46,,,n,gretil_sa/sa_madhyamakazAlistambasUtra.xml
book_304.xml,Santānāntarasiddhiṭīkā,,,,,,https://www.dsbcproject.org/canon-text/book/304,,,n,gretil_sa/sa_vinItadeva-saMtAnAntarasiddhiTIkA.xml
book_320.xml,Āryaśālistambakakārikā,,,,,,https://www.dsbcproject.org/canon-text/book/320,,,n,gretil_sa/sa_nAgArjuna-zAlistambakakArikA.xml
book_931.xml,Mūlamadhyamakakārikā,,,,,,https://www.dsbcproject.org/canon-text/book/931,,,,
book_100.xml,Āryadharmadhātugarbhavivaraṇa,,,,,,https://www.dsbcproject.org/canon-text/book/100,,,n,gretil_sa/sa_nAgArjuna-dharmadhAtugarbhavivaraNa.xml
book_90.xml,Mahāsāṃghikaprātimokṣasūtra,,,,,,https://www.dsbcproject.org/canon-text/book/90,,,n,gretil_sa/sa_prAtimokSasUtra-of-the-mahAsAMghikas.xml
book_105.xml,Sekoddeśa,,,,,,https://www.dsbcproject.org/canon-text/book/105,,,n,gretil_sa/sa_nAropa-sekoddeza.xml
book_29.xml,Āryarāṣṭrapālaparipṛcchā Nāma Mahāyānasūtra,,,,,,https://www.dsbcproject.org/canon-text/book/29,,,n,gretil_sa/sa_rASTrapAlaparipRcchA.xml
book_74.xml,Suvikrāntavikrāmiparipṛcchā Nāma Sārdhadvisāhasrikā Prajñāpāramitā,,,,,,https://www.dsbcproject.org/canon-text/book/74,,,n,gretil_sa/sa_suvikrAntavikrAmiparipRcchA.xml
book_253.xml,Sūtrārthasamuccayopadeśa,,,,,,https://www.dsbcproject.org/canon-text/book/253,,,n,gretil_sa/sa_dIpaMkarazrIjJAna-sUtrArthasamuccayopadeza.xml
book_307.xml,Upāyahṛdaya,,,,,,https://www.dsbcproject.org/canon-text/book/307,,,n,gretil_sa/sa_upAyahRdaya.xml
book_899.xml,kālacakragaṇitopadeśa,,,,,,https://www.dsbcproject.org/canon-text/book/899,,,,
book_58.xml,Sukhāvatīvyūha (Saṃkṣiptamātṛkā),,,,,,https://www.dsbcproject.org/canon-text/book/58,,,n,gretil_sa/sa_sukhAvatIvyUhasaMkSiptamAtRkA.xml
book_302.xml,Sambandhaparīkṣā,,,,,,https://www.dsbcproject.org/canon-text/book/302,,,,
book_231.xml,Dharmasamuccaya,,,,,,https://www.dsbcproject.org/canon-text/book/231,,,n,gretil_sa/sa_dharmasamuccaya.xml
book_102.xml,Jñānaprasthānaśāstra,,,,,,https://www.dsbcproject.org/canon-text/book/102,,,,
book_114.xml,Āryatārāsragdharāstotra,,,,,,https://www.dsbcproject.org/canon-text/book/114,,,,
book_22.xml,Jātakamālā,,,,,,https://www.dsbcproject.org/canon-text/book/22,,,n,gretil_sa/sa_AryazUra-jAtakamAlA.xml
book_904.xml,Prajñāhṛdayavyākhyā,,,,,,https://www.dsbcproject.org/canon-text/book/904,,,,
book_354.xml,Cittaviśuddhiprakaraṇa,,,,,,https://www.dsbcproject.org/canon-text/book/354,,,n,gretil_sa/sa_Aryadeva-cittavizuddhiprakaraNa.xml
book_221.xml,Gurupañcāśikā,,,,,,https://www.dsbcproject.org/canon-text/book/221,,,n,gretil_sa/sa_azvaghoSa-gurupaJcAzikA.xml
book_220.xml,Gurukriyākrama,,,,,,https://www.dsbcproject.org/canon-text/book/220,,,n,gretil_sa/sa_dIpaMkarazrIjJAna-gurukriyAkrama.xml
book_923.xml,Buddhādipūjāvidhi,,,,,,https://www.dsbcproject.org/canon-text/book/923,,,,
book_257.xml,Bhāvanākrama,,,,,,https://www.dsbcproject.org/canon-text/book/257,,,n,gretil_sa/sa_kamalazIla-bhAvanAkrama.xml
book_230.xml,Dharmasaṃgraha,,,,,,https://www.dsbcproject.org/canon-text/book/230,,,n,gretil_sa/sa_nAgArjuna-dharmasaMgraha.xml
book_245.xml,Mahāyānaviṃśikā,,,,,,https://www.dsbcproject.org/canon-text/book/245,,,n,gretil_sa/sa_nAgArjuna-mahAyAnaviMzikA.xml
book_298.xml,Pramāṇavārtika,,,,,,https://www.dsbcproject.org/canon-text/book/298,,,n,gretil_sa/sa_pramANavArttika.xml
book_61.xml,Vimalakīrtinirdeśasūtra,,,,,,https://www.dsbcproject.org/canon-text/book/61,,,n,gretil_sa/sa_vimalakIrtinirdezasUtra.xml
book_858.xml,Ṣaḍgatikārikā,,,,,,https://www.dsbcproject.org/canon-text/book/858,,,,
book_942.xml,Saṃghāṭasūtra,,,,,,https://www.dsbcproject.org/canon-text/book/942,,,,
book_737.xml,Guhyāsamājatantrapradīpodyotanaṭīkā Ṣaṭkoṭivyākhyā,,,,,,https://www.dsbcproject.org/canon-text/book/737,,,,
book_303.xml,Santānāntarasiddhi,,,,,,https://www.dsbcproject.org/canon-text/book/303,,,n,gretil_sa/sa_dharmakIrti-saMtAnAntarasiddhi.xml
book_233.xml,Ratnāvalī,,,,,,https://www.dsbcproject.org/canon-text/book/233,,,n,gretil_sa/sa_nAgArjuna-ratnAvalI.xml
book_889.xml,Abhiṣekavidhi,,,,,,https://www.dsbcproject.org/canon-text/book/889,,,,
book_292.xml,Kṣaṇabhaṅgasiddhi,,,,,,https://www.dsbcproject.org/canon-text/book/292,,,n,gretil_sa/sa_kSaNabhaGgasiddhi.xml
book_23.xml,Ajitasenavyākaraṇa,,,,,,https://www.dsbcproject.org/canon-text/book/23,,,n,gretil_sa/sa_ajitasenavyAkaraNa-alt.xml
book_288.xml,Hetubindu,,,,,,https://www.dsbcproject.org/canon-text/book/288,,,n,gretil_sa/sa_dharmakIrti-hetubindu.xml
book_355.xml,Pañcakrama,,,,,,https://www.dsbcproject.org/canon-text/book/355,,,n,gretil_sa/sa_nAgArjuna-paJcakrama.xml
book_267.xml,Samādhisaṃbhāraparivarta,,,,,,https://www.dsbcproject.org/canon-text/book/267,,,n,gretil_sa/sa_dIpaMkarazrIjJAna-samAdhisaMbhAraparivarta.xml
book_286.xml,Apohasiddhi,,,,,,https://www.dsbcproject.org/canon-text/book/286,,,n,gretil_sa/sa_apohasiddhi.xml
book_72.xml,Ratnaguṇasaṃcayagāthā,,,,,,https://www.dsbcproject.org/canon-text/book/72,,,,
book_250.xml,Śaraṇagamanadeśanā,,,,,,https://www.dsbcproject.org/canon-text/book/250,,,n,gretil_sa/sa_dIpaMkarazrIjJAna-zaraNagamanadezanA.xml
book_115.xml,(Ārya)tārāṣṭottaraśatanāmastotra,,,,,,https://www.dsbcproject.org/canon-text/book/115,,,,
book_349.xml,Nityakarmapūjāvidhi,,,,,,https://www.dsbcproject.org/canon-text/book/349,,,n,gretil_sa/sa_nityakarmapUjAvidhi.xml
book_922.xml,Ādikarmāvatārapratibaddha,,,,,,https://www.dsbcproject.org/canon-text/book/922,,,,
book_48.xml,Mahāparinirvāṇasūtra,,,,,,https://www.dsbcproject.org/canon-text/book/48,,,,
book_248.xml,Pratītyasamutpādahṛdayakārikā,,,,,,https://www.dsbcproject.org/canon-text/book/248,,,n,gretil_sa/sa_nAgArjuna-pratItyasamutpAdahRdayakArikA.xml
book_926.xml,Śrīhevajrasya Guṇasragdharanāmastuti,,,,,,https://www.dsbcproject.org/canon-text/book/926,,,,
book_917.xml,Yogaśataka,,,,,,https://www.dsbcproject.org/canon-text/book/917,,,,
book_266.xml,Mahāyānapathasādhanasaṅgraha,,,,,,https://www.dsbcproject.org/canon-text/book/266,,,n,gretil_sa/sa_dIpaMkarazrIjJAna-mahAyAnapathasAdhanasaMgraha.xml
book_60.xml,Suvarṇaprabhāsasūtra,,,,,,https://www.dsbcproject.org/canon-text/book/60,,,n,gretil_sa/sa_suvarNaprabhAsasUtra.xml
book_59.xml,Sukhāvatīvyūha (Vistaramātṛkā),,,,,,https://www.dsbcproject.org/canon-text/book/59,,,n,gretil_sa/sa_sukhAvatIvyUhavistaramAtRkA.xml
book_322.xml,Tarkabhāṣā,,,,,,https://www.dsbcproject.org/canon-text/book/322,,,n,gretil_sa/sa_tarkabhASA.xml
book_265.xml,Garbhasaṅgraha,,,,,,https://www.dsbcproject.org/canon-text/book/265,,,n,gretil_sa/sa_garbhasaMgrahaH.xml
book_75.xml,Svalpākṣarā Prajñāpāramitā,,,,,,https://www.dsbcproject.org/canon-text/book/75,,,n,gretil_sa/sa_maJjuzrImUlakalpa.xml
book_730.xml,Sarvadurgatipariśodhanatantra,,,,,,https://www.dsbcproject.org/canon-text/book/730,,,,
book_921.xml,Sambandhaparīkṣāvṛtti,,,,,,https://www.dsbcproject.org/canon-text/book/921,,,,
book_43.xml,Karuṇāpuṇḍarīkasūtra,,,,,,https://www.dsbcproject.org/canon-text/book/43,,,n,gretil_sa/sa_karuNApuNDarIkasUtra.xml
book_933.xml,Śrīsarvabuddhasamāyogaḍākinījālasamvaranāmatantra,,,,,,https://www.dsbcproject.org/canon-text/book/933,,,,
book_71.xml,Prajñāpāramitāhṛdayasūtra (vistaramātṛkā),,,,,,https://www.dsbcproject.org/canon-text/book/71,,,n,gretil_sa/sa_prajJApAramitAhRdayasUtravistaramAtRkA.xml
book_332.xml,Mahāyānasūtrālaṃkāra (kārikā),,,,,,https://www.dsbcproject.org/canon-text/book/332,,,n,gretil_sa/sa_asaGga-mahAyAnasUtrAlaMkAra-alt.xml
book_258.xml,Bodhicaryāvatāra,,,,,,https://www.dsbcproject.org/canon-text/book/258,,,n,gretil_sa/sa_zAntideva-bodhicaryAvatAra-alt.xml
book_66.xml,Adhyardhaśatikā Prajñāpāramitā,,,,,,https://www.dsbcproject.org/canon-text/book/66,,,n,gretil_not_in_repo/sa_adhyardhazatikA-prajJApAramitA-alt.xml
book_191.xml,Bhadracarīpraṇidhānastotra,,,,,,https://www.dsbcproject.org/canon-text/book/191,,,,
book_269.xml,Śikṣāsamuccaya,,,,,,https://www.dsbcproject.org/canon-text/book/269,,,,
book_167.xml,Mahāpratisarāstotra,,,,,,https://www.dsbcproject.org/canon-text/book/167,,,,
book_334.xml,Pañcaskandhaprakaraṇa,,,,,,https://www.dsbcproject.org/canon-text/book/334,,,n,gretil_sa/sa_vasubandhu-paJcaskandhaprakaraNa.xml
book_89.xml,Bodhisattvaprātimokṣasūtra,,,,,,https://www.dsbcproject.org/canon-text/book/89,,,n,gretil_sa/sa_bodhisattvaprAtimokSasUtra.xml
book_93.xml,Vinayasūtra,,,,,,https://www.dsbcproject.org/canon-text/book/93,,,n,gretil_sa/sa_vinayasUtra-1pravrajyAvastu.xml
book_913.xml,Bhāvanāyoga,,,,,,https://www.dsbcproject.org/canon-text/book/913,,,,
book_69.xml,Kauśikaprajñāpāramitāsūtra,,,,,,https://www.dsbcproject.org/canon-text/book/69,,,n,gretil_sa/sa_kauzikaprajJApAramitAsUtra.xml
book_110.xml,Advayaparamārthānāmasaṅgīti,,,,,,https://www.dsbcproject.org/canon-text/book/110,,,,
book_153.xml,Lokātītastava,,,,,,https://www.dsbcproject.org/canon-text/book/153,,,,
book_330.xml,Karmavibhaṅgopadeśa,,,,,,https://www.dsbcproject.org/canon-text/book/330,,,n,gretil_sa/sa_karmavibhaGgopadeza.xml
book_352.xml,Tattvajñānasaṃsiddhi,,,,,,https://www.dsbcproject.org/canon-text/book/352,,,,
book_741.xml,Antarvyāptisamarthana,,,,,,https://www.dsbcproject.org/canon-text/book/741,,,,gretil_sa/sa_antarvyAptisamarthana.xml
book_259.xml,Bodhicaryāvatārapañjikā,,,,,,https://www.dsbcproject.org/canon-text/book/259,,,n,gretil_sa/sa_prajJAkaramati-bodhicaryAvatArapaJjikA.xml
book_9.xml,Āryāmoghapāśahṛdaya Nāma Mahāyānasūtra,,,,,,https://www.dsbcproject.org/canon-text/book/9,,,n,gretil_sa/sa_amoghapAzahRdayasUtra-alt.xml
book_101.xml,Daśākuśalakarmapathadeśanā,,,,,,https://www.dsbcproject.org/canon-text/book/101,,,n,gretil_sa/sa_dIpaMkarazrIjJAna-dazAkuzalakarmapathadezanA.xml
book_340.xml,Viṃśatikākārikā,,,,,,https://www.dsbcproject.org/canon-text/book/340,,,n,gretil_sa/sa_viMzatikAkArikA.xml
book_306.xml,Udayananirākaraṇa,,,,,,https://www.dsbcproject.org/canon-text/book/306,,,n,gretil_sa/sa_ratnakIrti-vAdarahasya.xml
book_41.xml,Guṇakāraṇḍavyūhasūtra,,,,,,https://www.dsbcproject.org/canon-text/book/41,,,n,gretil_sa/sa_guNakAraNDavyUhasUtra.xml
book_948.xml,Jambhalastotra,,,,,,https://www.dsbcproject.org/canon-text/book/948,,,,
book_56.xml,Samādhirājasūtra,,,,,,https://www.dsbcproject.org/canon-text/book/56,,,n,gretil_sa/sa_samAdhirAjasUtra.xml
book_317.xml,Samyaksambuddhabhāṣitaṃ pratimālakṣaṇa,,,,,,https://www.dsbcproject.org/canon-text/book/317,,,n,gretil_sa/sa_samyaksaMbuddhabhASitaM-pratimAlakSaNam.xml
book_331.xml,Madhyāntavibhāgakārikā,,,,,,https://www.dsbcproject.org/canon-text/book/331,,,n,gretil_sa/sa_maitreya-madhyAntavibhAgakArikA.xml
book_280.xml,Pāramitāsamāsa,,,,,,https://www.dsbcproject.org/canon-text/book/280,,,n,gretil_sa/sa_AryazUra-pAramitAsamAsa.xml
book_939.xml,Viśeṣastava,,,,,,https://www.dsbcproject.org/canon-text/book/939,,,,
book_95.xml,Abhidharmadīpaṭīkā,,,,,,https://www.dsbcproject.org/canon-text/book/95,,,n,gretil_sa/sa_vimalamitra-abhidharmadIpa-comm.xml
book_227.xml,Yaśodharācarita,,,,,,https://www.dsbcproject.org/canon-text/book/227,,,n,gretil_sa/sa_davuldeNa-jJAnezvara-mahAsthavira-yazodharAcarita.xml
book_94.xml,Abhidharmadīpa,,,,,,https://www.dsbcproject.org/canon-text/book/94,,,n,gretil_sa/sa_vimalamitra-abhidharmadIpa-comm.xml
book_279.xml,Āryaprajñāpāramitāvajracchedikāṭīkā,,,,,,https://www.dsbcproject.org/canon-text/book/279,,,n,gretil_sa/sa_kamalazIla-vajracchedikATIkA.xml
book_68.xml,Aṣṭasāhasrikā Prajñāpāramitā,,,,,,https://www.dsbcproject.org/canon-text/book/68,,,n,gretil_sa/sa_aSTasAhasrikA-prajJApAramitA.xml
book_338.xml,Trisvabhāvanirdeśa,,,,,,https://www.dsbcproject.org/canon-text/book/338,,,n,gretil_sa/sa_vasubandhu-trisvabhAvanirdeza.xml
book_35.xml,Āryavimalakīrtinirdeśo Nāma Mahāyānasūtra,,,,,,https://www.dsbcproject.org/canon-text/book/35,,,,
book_294.xml,Nyāyabindu prakaraṇakārikā,,,,,,https://www.dsbcproject.org/canon-text/book/294,,,n,gretil_sa/sa_dharmakIrti-nyAyabindu.xml
book_67.xml,Āryādvayaśatikā Prajñāpāramitā sūtra,,,,,,https://www.dsbcproject.org/canon-text/book/67,,,n,gretil_sa/sa_advayazatikA-prajJApAramitA.xml
book_974.xml,Ḍākinīvajrapañjaraṭippaṇī,,,,,,https://www.dsbcproject.org/canon-text/book/974,,,,
book_337.xml,Triṃśikāvijñaptikārikā,,,,,,https://www.dsbcproject.org/canon-text/book/337,,,n,gretil_sa/sa_vasubandhu-triMzikAvijJaptikArikA.xml
book_957.xml,Vajrapradīpā,,,,,,https://www.dsbcproject.org/canon-text/book/957,,,,
book_953.xml,Hevajrasādhanopāyikā,Saroruhavajra,,,,,https://www.dsbcproject.org/canon-text/book/953,,,,
book_946.xml,Deśanāstava,,,,,,https://www.dsbcproject.org/canon-text/book/946,,,,
book_268.xml,Śikṣāsamuccayakārikā,,,,,,https://www.dsbcproject.org/canon-text/book/268,,,n,gretil_sa/sa_zikSAsamuccayakArikA.xml
book_887.xml,Madhyamakāvatārabhāṣya,,,,,,https://www.dsbcproject.org/canon-text/book/887,,,n,gretil_sa/sa_madhyamakAvatAra-1-5.xml
book_17.xml,Mahāsannipātaratnaketudhāraṇī sūtraṃ,,,,,,https://www.dsbcproject.org/canon-text/book/17,,,n,gretil_sa/sa_madhyamakazAlistambasUtra.xml
book_326.xml,Bhavasaṅkrāntiṭīkā,,,,,,https://www.dsbcproject.org/canon-text/book/326,,,n,gretil_sa/sa_maitreyanAtha-bhavasaMkrAntiTIkA.xml
book_301.xml,Sāmānyadūṣaṇadikprasāritā,,,,,,https://www.dsbcproject.org/canon-text/book/301,,,n,gretil_sa/sa_paNDitAzoka-sAmAnyadUSaNadikprasAritA.xml
book_311.xml,Satyasiddhiśāstra,,,,,,https://www.dsbcproject.org/canon-text/book/311,,,,
book_938.xml,Suprabhātastava,,,,,,https://www.dsbcproject.org/canon-text/book/938,,,,
book_925.xml,Sahajadvibhujahevajrasādhana,,,,,,https://www.dsbcproject.org/canon-text/book/925,,,,
book_96.xml,Abhidharmakoṣakārikā,,,,,,https://www.dsbcproject.org/canon-text/book/96,,,n,gretil_sa/sa_vasubandhu-abhidharmakoza.xml
book_45.xml,Lalitavistara,,,,,,https://www.dsbcproject.org/canon-text/book/45,,,n,gretil_sa/sa_lalitavistara.xml
book_242.xml,Madhyamakaśāstra,,,,,,https://www.dsbcproject.org/canon-text/book/242,,,n,gretil_sa/sa_dIpaMkara-satyadvayAvatAranAma.xml
book_901.xml,dharmadhātudarśanagīti,,,,,,https://www.dsbcproject.org/canon-text/book/901,,,,
book_310.xml,Vajrasūcī,,,,,,https://www.dsbcproject.org/canon-text/book/310,,,n,gretil_sa/sa_azvaghoSa-vajrasUcI.xml
book_800.xml,Tattvajñānasaṁsiddhiṭīkā,,,,,,https://www.dsbcproject.org/canon-text/book/800,,,,
book_62.xml,Vinayaviniścaya-upāliparipṛcchā,,,,,,https://www.dsbcproject.org/canon-text/book/62,,,n,gretil_sa/sa_vinayavinizcayaupAliparipRcchA.xml
book_281.xml,Sāratamākhyā Pañjikā,,,,,,https://www.dsbcproject.org/canon-text/book/281,,,n,gretil_sa/sa_ratnAkarazAnti-sAratama.xml
book_76.xml,Vajracchedikā Nāma Triśatikā Prajñāpāramitā,,,,,,https://www.dsbcproject.org/canon-text/book/76,,,n,gretil_sa/sa_vajracchedikA-prajJApAramitA.xml
book_261.xml,Bodhisattvādikarmika-mārgāvatāra-deśanā,,,,,,https://www.dsbcproject.org/canon-text/book/261,,,n,gretil_sa/sa_dIpaMkarazrIjJAna-bodhisattvAdikarmikamArgAvatAradezanA.xml
book_44.xml,Kāśyapaparivartasūtra,,,,,,https://www.dsbcproject.org/canon-text/book/44,,,n,gretil_sa/sa_kAzyapaparivartasUtra-alt.xml
book_64.xml,Āryacaturdharmanirdeśasūtra,,,,,,https://www.dsbcproject.org/canon-text/book/64,,,n,gretil_sa/sa_caturdharmanirdezasUtra.xml
book_335.xml,Ratnagotravibhāga Mahāyānottaratantraśāstra,,,,,,https://www.dsbcproject.org/canon-text/book/335,,,n,gretil_sa/sa_ratnagotravibhAga.xml
book_234.xml,Śiṣyalekha,,,,,,https://www.dsbcproject.org/canon-text/book/234,,,n,gretil_sa/sa_candragomin-ziSyalekha.xml
book_15.xml,Ekādaśamukha,,,,,,https://www.dsbcproject.org/canon-text/book/15,,,n,gretil_sa/sa_ekAdazamukha.xml
book_78.xml,Āryamañjuśrīmūlakalpa,,,,,,https://www.dsbcproject.org/canon-text/book/78,,,n,gretil_sa/sa_maJjuzrImUlakalpa.xml
book_181.xml,Śākyasiṃhastotra (Durgatipariśodhanoddhṛta),,,,,,https://www.dsbcproject.org/canon-text/book/181,,,,
book_967.xml,Mahāprātihāryasūtra,,,,,,https://www.dsbcproject.org/canon-text/book/967,,,,
book_32.xml,Āryasarvabuddhaviṣayāvatārajñānālokālaṃkāranāma mahāyānasūtra,,,,,,https://www.dsbcproject.org/canon-text/book/32,,,,
book_225.xml,Siddhārthacaritakāvya,,,,,,https://www.dsbcproject.org/canon-text/book/225,,,n,gretil_sa/sa_buddhaghoSa-siddhArthacaritrakAvya.xml
book_910.xml,Ālokamālā,,,,,,https://www.dsbcproject.org/canon-text/book/910,,,,
book_54.xml,Saddharmapuṇḍarīkasūtra,,,,,,https://www.dsbcproject.org/canon-text/book/54,,,n,gretil_sa/sa_saddharmapuNDarIkasUtra.xml
book_12.xml,Āryavajravidāraṇā nāma dhāraṇī,,,,,,https://www.dsbcproject.org/canon-text/book/12,,,n,gretil_sa/sa_vajravidAraNAdhAraNI.xml
book_287.xml,Avayavinirākaraṇa,,,,,,https://www.dsbcproject.org/canon-text/book/287,,,n,gretil_sa/sa_paNDitAzoka-avayavinirAkaraNa.xml
book_850.xml,Maitreyavyākaraṇa,,,,,,https://www.dsbcproject.org/canon-text/book/850,,,n,gretil_sa/sa_maitreyavyAkaraNa-alt.xml
book_751.xml,Smāhitābhūmi,,,,,,https://www.dsbcproject.org/canon-text/book/751,,,,
book_34.xml,Āryatriskandhasūtra,,,,,,https://www.dsbcproject.org/canon-text/book/34,,,n,gretil_sa/sa_triskandhasUtra.xml
book_278.xml,Abhisamayālaṅkāravṛtti Sphuṭārthā,,,,,,https://www.dsbcproject.org/canon-text/book/278,,,n,gretil_sa/sa_abhisamayAlaMkAravRttiH-sphuTArthA.xml
book_315.xml,Kriyāsaṃgrahakārikā,,,,,,https://www.dsbcproject.org/canon-text/book/315,,,n,gretil_sa/sa_nAgArjuna-kriyAsaMgrahakArikA.xml
book_356.xml,Piṇḍīkrama,,,,,,https://www.dsbcproject.org/canon-text/book/356,,,n,gretil_sa/sa_nAgArjuna-piNDIkrama.xml
book_950.xml,Śrīhevajrasādhanavajrapradīpanāmaṭippaṇīviśuddhi,,,,,,https://www.dsbcproject.org/canon-text/book/950,,,,
book_956.xml,Śrīhevajrabhaṭṭārakacakraviṃśatikāstotra,,,,,,https://www.dsbcproject.org/canon-text/book/956,,,,
book_247.xml,Prasannapadā,,,,,,https://www.dsbcproject.org/canon-text/book/247,,,y,gretil_sa/sa_candrakIrti-prasannapada.xml
book_26.xml,Āryaṃaitreyavyākaraṇa,,,,,,https://www.dsbcproject.org/canon-text/book/26,,,,
book_20.xml,Sitātapatrā dhāraṇī,,,,,,https://www.dsbcproject.org/canon-text/book/20,,,n,gretil_sa/sa_sitAtapatrA.xml
book_284.xml,Ālambanaparīkṣāvṛtti,,,,,,https://www.dsbcproject.org/canon-text/book/284,,,n,gretil_sa/sa_AlambanaparIkSA-comm.xml
book_275.xml,Śatagāthā,,,,,,https://www.dsbcproject.org/canon-text/book/275,,,n,gretil_sa/sa_vararuci-zatagAthA.xml
book_98.xml,Abhidharmasamuccaya,,,,,,https://www.dsbcproject.org/canon-text/book/98,,,n,gretil_sa/sa_asaGga-abhidharmasamuccaya.xml
book_358.xml,Tattvaratnāvaloka,,,,,,https://www.dsbcproject.org/canon-text/book/358,,,n,gretil_sa/sa_tattvaratnAvaloka.xml
book_915.xml,Niṣpannakrama,,,,,,https://www.dsbcproject.org/canon-text/book/915,,,,
book_308.xml,Vādanyāya,,,,,,https://www.dsbcproject.org/canon-text/book/308,,,n,gretil_sa/sa_dharmakIrti-vAdanyAya-alt.xml
book_249.xml,Pratītyasamutpādahṛdayavyākhyāna,,,,,,https://www.dsbcproject.org/canon-text/book/249,,,n,gretil_sa/sa_nAgArjuna-pratItyasamutpAdahRdayavyAkhyAna.xml
book_260.xml,Bodhipathapradīpa,,,,,,https://www.dsbcproject.org/canon-text/book/260,,,n,gretil_sa/sa_atiza-bodhipathapradIpa.xml
book_254.xml,Vigrahavyāvartanī,,,,,,https://www.dsbcproject.org/canon-text/book/254,,,n,gretil_sa/sa_nAgArjuna-vigrahavyAvartanI-alt.xml
book_251.xml,Satyadvayāvatāranāma,,,,,,https://www.dsbcproject.org/canon-text/book/251,,,n,gretil_sa/sa_dIpaMkara-satyadvayAvatAranAma.xml
book_909.xml,buddhodayakāvya,,,,,,https://www.dsbcproject.org/canon-text/book/909,,,,
book_53.xml,Saddharmalaṅkāvatārasūtra,,,,,,https://www.dsbcproject.org/canon-text/book/53,,,n,gretil_sa/sa_saddharmalaGkAvatArasUtra.xml
book_21.xml,Vasudhārādhāraṇī,,,,,,https://www.dsbcproject.org/canon-text/book/21,,,n,gretil_sa/sa_vasudhArAdhAraNI-alt.xml
book_339.xml,Viṃśatikā vijñaptimātratāsiddhi,,,,,,https://www.dsbcproject.org/canon-text/book/339,,,n,gretil_sa/sa_viMzatikAkArikA.xml
book_84.xml,Sarvatathāgatatattvasaṅgraha,,,,,,https://www.dsbcproject.org/canon-text/book/84,,,,
book_99.xml,Abhidharmasamuccayabhāṣya,,,,,,https://www.dsbcproject.org/canon-text/book/99,,,n,gretil_sa/sa_abhidharmasamuccayabhASya.xml
book_930.xml,Ādikarmāvatāra,,,,,,https://www.dsbcproject.org/canon-text/book/930,,,,
book_896.xml,Pratītyasamutpādastutisubhāṣitahṛdaya,,,,,,https://www.dsbcproject.org/canon-text/book/896,,,,
book_893.xml,Ālavakasūtta,,,,,,https://www.dsbcproject.org/canon-text/book/893,,,,
book_55.xml,Śālistambasūtra,,,,,,https://www.dsbcproject.org/canon-text/book/55,,,n,gretil_sa/sa_zAlistambasUtra.xml
book_7.xml,Svayambhūpurāṇa,,,,,,https://www.dsbcproject.org/canon-text/book/7,,,n,gretil_sa/sa_svayaMbhupurANa.xml
book_243.xml,Madhyamakāvatāra,,,,,,https://www.dsbcproject.org/canon-text/book/243,,,,
book_333.xml,Mahāyānasutrālaṅkāra,,,,,,https://www.dsbcproject.org/canon-text/book/333,,,n,gretil_sa/sa_asaGga-mahAyAnasUtrAlaMkAra.xml
book_732.xml,Sarvaśabdabhāvacarcā,,,,,,https://www.dsbcproject.org/canon-text/book/732,,,,
book_39.xml,Daśabhūmikasūtra,,,,,,https://www.dsbcproject.org/canon-text/book/39,,,n,gretil_sa/sa_dazabhUmikasUtra.xml
book_297.xml,Nyāyapraveśapravṛtti,,,,,,https://www.dsbcproject.org/canon-text/book/297,,,n,gretil_sa/sa_haribhadrasUri-nyAyapravezapravRtti.xml
book_51.xml,Nairātmyaparipṛcchā Nāma Mahāyānasūtra,,,,,,https://www.dsbcproject.org/canon-text/book/51,,,n,gretil_sa/sa_nairAtmyaparipRcchAmahAyAnasUtra.xml
book_73.xml,Saptaśatikā Prajñāpāramitā,,,,,,https://www.dsbcproject.org/canon-text/book/73,,,n,gretil_sa/sa_saptazatikA-prajJApAramitA.xml
book_237.xml,Catuḥśatikā,,,,,,https://www.dsbcproject.org/canon-text/book/237,,,n,gretil_sa/sa_Aryadeva-catuHzatikA.xml
book_885.xml,Mahāvastvavadāna (vol 2),,,,,,https://www.dsbcproject.org/canon-text/book/885,,,,
book_238.xml,Hastavālaprakaraṇa,,,,,,https://www.dsbcproject.org/canon-text/book/238,,,,
book_255.xml,Yuktiṣaṣṭikārikā,,,,,,https://www.dsbcproject.org/canon-text/book/255,,,n,gretil_sa/sa_nAgArjuna-yuktiSaSTikakArikA.xml
book_919.xml,Sambandhaparīkṣā,,,,,,https://www.dsbcproject.org/canon-text/book/919,,,n,gretil_sa/sa_dharmakIrti-saMbandhaparIkSA-comm.xml
book_65.xml,Pratītyasamutpādādivibhaṅganirdeśasūtra,,,,,,https://www.dsbcproject.org/canon-text/book/65,,,n,gretil_sa/sa_pratItyasamutpAdAdivibhaGganirdezasUtra.xml
book_321.xml,Āryaśālistambakamahāyānasūtraṭīkā,,,,,,https://www.dsbcproject.org/canon-text/book/321,,,n,gretil_sa/sa_nAgArjuna-zAlistambakamahAyAnasUtraTIkA.xml
book_42.xml,Kāraṇḍavyūha,,,,,,https://www.dsbcproject.org/canon-text/book/42,,,n,gretil_sa/sa_kAraNDavyUha.xml
book_960.xml,Hevajraprakāśa,,,,,,https://www.dsbcproject.org/canon-text/book/960,,,,
book_325.xml,Bhavasaṅkrāntiparikathā,,,,,,https://www.dsbcproject.org/canon-text/book/325,,,n,gretil_sa/sa_nAgArjuna-bhavasaGkrAntiparikathA.xml
book_235.xml,Suhṛllekha,,,,,,https://www.dsbcproject.org/canon-text/book/235,,,,gretil_sa/sa_nAgArjuna-suhRllekha.xml
book_735.xml,Śrīcakrasambarābhisamayavyākhyā,,,,,,https://www.dsbcproject.org/canon-text/book/735,,,,
book_300.xml,Ratnakīrtinibandhāvalī,,,,,,https://www.dsbcproject.org/canon-text/book/300,,,n,gretil_sa/sa_ratnakIrti-nibandhAvalI.xml
book_327.xml,Bodhicittotpādasūtraśāstra,,,,,,https://www.dsbcproject.org/canon-text/book/327,,,n,gretil_sa/sa_vasubandhu-bodhicittotpAdasUtrazAstra.xml
book_91.xml,Mūlasarvāstivāda-vinayavastu,,,,,,https://www.dsbcproject.org/canon-text/book/91,,,,
book_40.xml,Gaṇḍavyūhasūtra,,,,,,https://www.dsbcproject.org/canon-text/book/40,,,n,gretil_sa/sa_gaNDavyUhasUtra.xml
book_256.xml,Āpattideśanāvidhi,,,,,,https://www.dsbcproject.org/canon-text/book/256,,,n,gretil_sa/sa_dIpaMkarazrIjJAna-ApattidezanAvidhi.xml
book_929.xml,Nairātmyāśīḥstuti,,,,,,https://www.dsbcproject.org/canon-text/book/929,,,,
book_28.xml,Āryapratītyasamutpādo Nāma Mahāyānasūtra,,,,,,https://www.dsbcproject.org/canon-text/book/28,,,n,gretil_sa/sa_pratItyasamutpAdamahAyAnasUtra.xml
book_11.xml,Āryaśrīmahādevīvyākaraṇa,,,,,,https://www.dsbcproject.org/canon-text/book/11,,,n,gretil_sa/sa_zrImahAdevIvyAkaraNa.xml
book_739.xml,Luptabauddhavacanasaṃgraha,,,,,,https://www.dsbcproject.org/canon-text/book/739,,,,
book_37.xml,Bhavasaṅkrāntisūtra,,,,,,https://www.dsbcproject.org/canon-text/book/37,,,n,gretil_sa/sa_bhavasaMkrAntisUtra.xml
book_285.xml,Antarvyāptisamarthana,,,,,,https://www.dsbcproject.org/canon-text/book/285,,,n,gretil_sa/sa_antarvyAptisamarthana.xml
book_87.xml,Bhikṣukarmavākya,,,,,,https://www.dsbcproject.org/canon-text/book/87,,,n,gretil_sa/sa_bhikSukarmavAkya.xml
book_726.xml,Adhikaraṇavastu,,,,,,https://www.dsbcproject.org/canon-text/book/726,,,,
book_264.xml,Cittotpādasaṃvaravidhikrama,,,,,,https://www.dsbcproject.org/canon-text/book/264,,,n,gretil_sa/sa_dIpaMkarazrIjJAna-cittotpAdasaMvaravidhikrama.xml
book_944.xml,Devātiśayastotra,,,,,,https://www.dsbcproject.org/canon-text/book/944,,,,
book_241.xml,Madhyamakāloka,,,,,,https://www.dsbcproject.org/canon-text/book/241,,,n,gretil_sa/sa_kamalazIla-madhyamakAloka.xml
book_336.xml,Śrāvakabhūmi,,,,,,https://www.dsbcproject.org/canon-text/book/336,,,,
book_289.xml,Hetubinduṭīkā,,,,,,https://www.dsbcproject.org/canon-text/book/289,,,n,gretil_sa/sa_arcaTa-hetubinduTIkA.xml
book_283.xml,Ālambanaparīkṣā,,,,,,https://www.dsbcproject.org/canon-text/book/283,,,n,gretil_sa/sa_AlambanaparIkSA.xml
book_277.xml,Abhisamayālaṅkārāntaḥ Pātināṃ Padārthānāṃ,,,,,,https://www.dsbcproject.org/canon-text/book/277,,,n,gretil_sa/sa_abhisamayAlaMkAravivaraNa.xml
book_252.xml,Śūnyatāsaptati,,,,,,https://www.dsbcproject.org/canon-text/book/252,,,n,gretil_sa/sa_nAgArjuna-zUnyatAsaptati.xml
book_314.xml,Citralakṣaṇa,,,,,,https://www.dsbcproject.org/canon-text/book/314,,,n,gretil_sa/sa_nagnajit-citralakSaNam.xml
book_328.xml,Bodhisattvabhūmi,,,,,,https://www.dsbcproject.org/canon-text/book/328,,,n,gretil_sa/sa_bodhisattvabhUmi.xml
book_743.xml,Bhagavatstuti,,,,,,https://www.dsbcproject.org/canon-text/book/743,,,,